PRAGMA foreign_keys=OFF;
BEGIN TRANSACTION;
CREATE TABLE IF NOT EXISTS "migrations" ("id" integer primary key autoincrement not null, "migration" varchar not null, "batch" integer not null);
INSERT INTO migrations VALUES(1,'2014_10_12_000000_create_users_table',1);
INSERT INTO migrations VALUES(2,'2014_10_12_100000_create_password_reset_tokens_table',1);
INSERT INTO migrations VALUES(3,'2019_08_19_000000_create_failed_jobs_table',1);
INSERT INTO migrations VALUES(4,'2019_12_14_000001_create_personal_access_tokens_table',1);
INSERT INTO migrations VALUES(5,'2023_06_15_140812_create_advertisements_table',1);
INSERT INTO migrations VALUES(6,'2023_06_15_140902_create_contacts_table',1);
INSERT INTO migrations VALUES(7,'2023_06_15_140921_create_web_contents_table',1);
INSERT INTO migrations VALUES(8,'2023_06_15_140946_create_files_table',1);
CREATE TABLE IF NOT EXISTS "users" ("id" integer primary key autoincrement not null, "name" varchar not null, "email" varchar not null, "email_verified_at" datetime, "password" varchar not null, "remember_token" varchar, "created_at" datetime, "updated_at" datetime);
INSERT INTO users VALUES(1,'NP Auto','npautobedrijf@np.nl',NULL,'$2y$10$U6FE1uAxRQsnuKyS3grFr.H8Qv9kiquJJq3LPCaDGLmbgQ5mVp2jK',NULL,'2023-07-10 08:37:20','2023-07-10 08:37:20');
CREATE TABLE IF NOT EXISTS "password_reset_tokens" ("email" varchar not null, "token" varchar not null, "created_at" datetime, primary key ("email"));
CREATE TABLE IF NOT EXISTS "failed_jobs" ("id" integer primary key autoincrement not null, "uuid" varchar not null, "connection" text not null, "queue" text not null, "payload" text not null, "exception" text not null, "failed_at" datetime not null default CURRENT_TIMESTAMP);
CREATE TABLE IF NOT EXISTS "personal_access_tokens" ("id" integer primary key autoincrement not null, "tokenable_type" varchar not null, "tokenable_id" integer not null, "name" varchar not null, "token" varchar not null, "abilities" text, "last_used_at" datetime, "expires_at" datetime, "created_at" datetime, "updated_at" datetime);
CREATE TABLE IF NOT EXISTS "advertisements" ("id" integer primary key autoincrement not null, "type" varchar not null, "brand" varchar not null, "description" text not null, "price" varchar not null, "kilometer" varchar not null, "license_plate" varchar not null, "build_year" integer not null, "fuel" varchar not null, "transmission" varchar not null, "color" varchar not null, "power" varchar not null, "btw" tinyint(1) not null, "doors" integer not null, "seating" integer not null, "apk_expire_date" datetime not null, "fuel_usage" varchar not null, "cylinder_capacity" varchar not null, "weight" integer not null, "extras" text default '', "created_at" datetime, "updated_at" datetime, "deleted_at" datetime);
INSERT INTO advertisements VALUES(1,'illum','Audi','Temporibus est sint dolorem et beatae facere et.','47047','1175816324','soluta',1985,'Elektrisch','Automaat','Indigo','150 PK (110 kW)',0,5,878,'2013-12-11','5.3 l/100km','1947cc',1875,'["Bluetooth","Dak raam"]','2023-07-10 08:37:21','2023-07-10 08:37:21',NULL);
INSERT INTO advertisements VALUES(2,'nostrum','BMW','Autem eos porro autem totam.','55628','1025026855','autem',1982,'Benzine','Handgeschakeld','Green','131 PK (96 kW)',0,3,6,'1998-06-30','5.3 l/100km','1937cc',1770,'["Stoel verwarming","Display"]','2023-07-10 08:37:21','2023-07-10 08:37:21',NULL);
INSERT INTO advertisements VALUES(3,'in','Citroen','Ducimus voluptatem mollitia dolor nisi.','58746','2080126868','odit',2017,'Diesel','Automaat','Green','131 PK (96 kW)',1,7,2978,'2006-04-16','5.2 l/100km','1997cc',1382,'["Stoel verwarming","Display"]','2023-07-10 08:37:21','2023-07-10 08:37:21',NULL);
INSERT INTO advertisements VALUES(4,'rerum','Audi','Vel dignissimos quaerat ut accusamus fugit accusantium et.','58819','1919377671','assumenda',1991,'Elektrisch','Handgeschakeld','Gray','267 PK (196 kW)',1,4,105418064,'1971-12-07','5.3 l/100km','1954cc',1820,'["Stoel verwarming","Bluetooth","Dak raam"]','2023-07-10 08:37:21','2023-07-10 08:37:21',NULL);
INSERT INTO advertisements VALUES(5,'aut','Citroen','Quod aspernatur consequatur aliquid voluptates quo a.','39154','1410682454','vel',2020,'Benzine','Automaat','FloralWhite','131 PK (96 kW)',0,6,7,'2003-06-21','5.0 l/100km','1948cc',1305,'["Bluetooth","Dak raam"]','2023-07-10 08:37:21','2023-07-10 08:37:21',NULL);
INSERT INTO advertisements VALUES(6,'fugiat','BMW','Ut nulla facere et.','29906','1528884733','velit',1986,'Elektrisch','Handgeschakeld','DarkTurquoise','267 PK (196 kW)',1,3,552,'2021-07-15','5.0 l/100km','1973cc',1522,'["Display","Dak raam","Bluetooth"]','2023-07-10 08:37:21','2023-07-10 08:37:21',NULL);
INSERT INTO advertisements VALUES(7,'minus','Citroen','Facere voluptas ipsum dolor praesentium quia nulla.','54308','683945240','vero',2007,'Benzine','Automaat','GreenYellow','131 PK (96 kW)',0,7,58,'1984-10-29','5.3 l/100km','1963cc',1744,'["Display","Stoel verwarming","Bluetooth"]','2023-07-10 08:37:21','2023-07-10 08:37:21',NULL);
INSERT INTO advertisements VALUES(8,'eaque','Citroen','Dolorum tempora et libero qui dolor nostrum nihil quis.','46428','1634608590','qui',2000,'Diesel','Handgeschakeld','PowderBlue','150 PK (110 kW)',1,4,9,'2022-08-29','5.2 l/100km','1961cc',1335,'["Display","Dak raam"]','2023-07-10 08:37:22','2023-07-10 08:37:22',NULL);
INSERT INTO advertisements VALUES(9,'quibusdam','Citroen','Consequatur earum molestiae sit nobis.','52288','1848170067','quaerat',1987,'Elektrisch','Handgeschakeld','YellowGreen','131 PK (96 kW)',1,0,32468,'1980-02-25','5.0 l/100km','1926cc',1630,'["Stoel verwarming","Display"]','2023-07-10 08:37:22','2023-07-10 08:37:22',NULL);
INSERT INTO advertisements VALUES(10,'sunt','BMW','Perspiciatis ab nemo reiciendis corrupti earum quia aliquam.','36987','1870337512','tenetur',1998,'Benzine','Handgeschakeld','MintCream','131 PK (96 kW)',1,1,4251,'1970-02-21','5.2 l/100km','1971cc',1783,'["Display","Dak raam"]','2023-07-10 08:37:22','2023-07-10 08:37:22',NULL);
INSERT INTO advertisements VALUES(11,'quia','BMW','At molestias quos et molestiae eos pariatur.','22805','1865798569','voluptas',2023,'Benzine','Automaat','Sienna','131 PK (96 kW)',0,4,80806880,'1972-09-25','5.3 l/100km','1924cc',1510,'["Dak raam","Display","Bluetooth"]','2023-07-10 08:37:22','2023-07-10 08:37:22',NULL);
INSERT INTO advertisements VALUES(12,'quia','Citroen','Ea delectus vero at perspiciatis dicta.','37812','85741539','fugiat',1993,'Elektrisch','Automaat','DarkTurquoise','267 PK (196 kW)',0,8,31023,'1979-01-27','5.2 l/100km','1954cc',1544,'["Stoel verwarming","Dak raam"]','2023-07-10 08:37:22','2023-07-10 08:37:22',NULL);
INSERT INTO advertisements VALUES(13,'aut','BMW','Harum maiores unde deserunt.','28443','239263538','voluptatem',2021,'Elektrisch','Handgeschakeld','Plum','150 PK (110 kW)',1,8,792599,'1974-03-07','5.3 l/100km','1975cc',1462,'["Display","Stoel verwarming","Bluetooth"]','2023-07-10 08:37:22','2023-07-10 08:37:22',NULL);
INSERT INTO advertisements VALUES(14,'repellendus','Audi','Consequuntur mollitia id voluptatum earum rerum omnis.','24225','2078990260','sequi',1988,'Benzine','Automaat','Navy','150 PK (110 kW)',1,6,211,'2013-12-05','5.2 l/100km','1958cc',1963,'["Stoel verwarming","Display","Dak raam"]','2023-07-10 08:37:22','2023-07-10 08:37:22',NULL);
INSERT INTO advertisements VALUES(15,'est','BMW','Quo odio aliquam harum.','26861','55912696','id',1993,'Benzine','Automaat','LemonChiffon','131 PK (96 kW)',0,6,59907573,'1975-10-04','5.3 l/100km','1939cc',1944,'["Stoel verwarming","Dak raam"]','2023-07-10 08:37:22','2023-07-10 08:37:22',NULL);
INSERT INTO advertisements VALUES(16,'fugiat','Audi','Labore neque iure quos.','21089','1270293767','quo',1983,'Diesel','Automaat','FloralWhite','150 PK (110 kW)',1,7,916,'1981-03-20','5.3 l/100km','1932cc',1801,'["Bluetooth","Stoel verwarming"]','2023-07-10 08:37:22','2023-07-10 08:37:22',NULL);
INSERT INTO advertisements VALUES(17,'eligendi','Citroen','Et consequatur rerum consectetur nemo illo.','40404','548343583','eligendi',2017,'Benzine','Automaat','DeepSkyBlue','150 PK (110 kW)',1,0,584343,'2009-01-16','5.2 l/100km','1967cc',1755,'["Bluetooth","Display","Stoel verwarming"]','2023-07-10 08:37:22','2023-07-10 08:37:22',NULL);
INSERT INTO advertisements VALUES(18,'eaque','Citroen','Minima exercitationem soluta sit optio delectus.','47022','969354677','ad',2003,'Diesel','Handgeschakeld','DarkSlateBlue','131 PK (96 kW)',0,6,41413,'2012-03-07','5.2 l/100km','1910cc',1716,'["Display","Stoel verwarming","Dak raam"]','2023-07-10 08:37:22','2023-07-10 08:37:22',NULL);
INSERT INTO advertisements VALUES(19,'eligendi','Audi','Porro dolorem iusto et minima cum aut praesentium.','42743','1029514356','velit',1997,'Benzine','Handgeschakeld','WhiteSmoke','150 PK (110 kW)',1,3,538553929,'2023-02-17','5.2 l/100km','1985cc',1366,'["Stoel verwarming","Bluetooth","Display"]','2023-07-10 08:37:22','2023-07-10 08:37:22',NULL);
INSERT INTO advertisements VALUES(20,'inventore','BMW','Facere deserunt quasi aliquid et asperiores aut.','41804','1981552328','aut',1984,'Diesel','Automaat','Snow','131 PK (96 kW)',1,5,7125251,'1987-04-26','5.3 l/100km','1912cc',1827,'["Stoel verwarming","Dak raam"]','2023-07-10 08:37:22','2023-07-10 08:37:22',NULL);
INSERT INTO advertisements VALUES(21,'libero','BMW','Ut dignissimos eum velit velit possimus atque minima.','22568','714218358','fuga',2011,'Benzine','Automaat','RoyalBlue','150 PK (110 kW)',0,1,977504,'2010-06-17','5.3 l/100km','1942cc',1688,'["Display","Stoel verwarming","Bluetooth","Dak raam"]','2023-07-10 08:37:22','2023-07-10 08:37:22',NULL);
INSERT INTO advertisements VALUES(22,'expedita','BMW','Fuga distinctio eaque error recusandae.','29132','1857572323','repudiandae',2004,'Elektrisch','Handgeschakeld','MediumTurquoise','150 PK (110 kW)',0,2,30657589,'2007-10-29','5.0 l/100km','1946cc',1826,'["Bluetooth","Display","Dak raam"]','2023-07-10 08:37:22','2023-07-10 08:37:22',NULL);
INSERT INTO advertisements VALUES(23,'voluptatem','Citroen','Aperiam magnam ex sunt aut.','28598','1772394311','dicta',1986,'Elektrisch','Automaat','DarkSlateGray','131 PK (96 kW)',1,3,4,'1992-06-10','5.3 l/100km','1969cc',2000,'["Display","Bluetooth","Dak raam","Stoel verwarming"]','2023-07-10 08:37:22','2023-07-10 08:37:22',NULL);
INSERT INTO advertisements VALUES(24,'eveniet','Audi','Reprehenderit aut voluptate sapiente incidunt.','29070','1647153565','assumenda',1979,'Elektrisch','Handgeschakeld','Brown','267 PK (196 kW)',0,0,5441,'1997-09-12','5.3 l/100km','1942cc',1567,'["Dak raam","Display"]','2023-07-10 08:37:22','2023-07-10 08:37:22',NULL);
INSERT INTO advertisements VALUES(25,'ut','Audi','Delectus non mollitia quis.','45180','691883513','inventore',2013,'Benzine','Automaat','DeepPink','150 PK (110 kW)',1,0,6,'2006-06-29','5.0 l/100km','1941cc',1509,'["Display","Bluetooth"]','2023-07-10 08:37:23','2023-07-10 08:37:23',NULL);
CREATE TABLE IF NOT EXISTS "contacts" ("id" integer primary key autoincrement not null, "name" varchar not null, "body" varchar not null, "created_at" datetime, "updated_at" datetime);
INSERT INTO contacts VALUES(1,'','Groningen 9421 HG','2023-07-10 08:37:24','2023-07-10 08:37:24');
INSERT INTO contacts VALUES(2,'Telefoon','06123456789','2023-07-10 08:37:24','2023-07-10 08:37:24');
INSERT INTO contacts VALUES(3,'Email','support@npauto.nl','2023-07-10 08:37:24','2023-07-10 08:37:24');
CREATE TABLE IF NOT EXISTS "web_contents" ("id" integer primary key autoincrement not null, "key" varchar not null, "head" varchar, "body" text, "created_at" datetime, "updated_at" datetime);
INSERT INTO web_contents VALUES(1,'about','Over ons','Lorem ipsum dolor sit amet, consectetur adipiscing elit. In et diam ac lacus sollicitudin iaculis. Curabitur dapibus dignissim nibh et viverra. Nulla augue justo, elementum sed sem non, posuere varius ante. Sed eget erat a risus hendrerit suscipit. Lorem ipsum dolor sit amet, consectetur adipiscing elit. Aenean ullamcorper sit amet elit nec volutpat. Lorem ipsum dolor sit amet, consectetur adipiscing elit. Donec justo tortor, mollis sed blandit vel, aliquet vel metus. Fusce in faucibus nisl. Integer dignissim eget leo ut tincidunt. Mauris sit amet enim a quam faucibus tempor a vel eros.','2023-07-10 08:37:21','2023-07-10 08:37:24');
CREATE TABLE IF NOT EXISTS "files" ("id" integer primary key autoincrement not null, "thumbnail" tinyint(1) not null default '0', "location" text not null, "advertisement_id" integer not null, "created_at" datetime, "updated_at" datetime);
INSERT INTO files VALUES(1,1,'../images/img.png',1,'2023-07-10 08:37:23','2023-07-10 08:37:23');
INSERT INTO files VALUES(2,1,'../images/img.png',2,'2023-07-10 08:37:23','2023-07-10 08:37:23');
INSERT INTO files VALUES(3,1,'../images/img.png',3,'2023-07-10 08:37:23','2023-07-10 08:37:23');
INSERT INTO files VALUES(4,1,'../images/img.png',4,'2023-07-10 08:37:23','2023-07-10 08:37:23');
INSERT INTO files VALUES(5,1,'../images/img.png',5,'2023-07-10 08:37:23','2023-07-10 08:37:23');
INSERT INTO files VALUES(6,1,'../images/img.png',6,'2023-07-10 08:37:23','2023-07-10 08:37:23');
INSERT INTO files VALUES(7,1,'../images/img.png',7,'2023-07-10 08:37:23','2023-07-10 08:37:23');
INSERT INTO files VALUES(8,1,'../images/img.png',8,'2023-07-10 08:37:23','2023-07-10 08:37:23');
INSERT INTO files VALUES(9,1,'../images/img.png',9,'2023-07-10 08:37:23','2023-07-10 08:37:23');
INSERT INTO files VALUES(10,1,'../images/img.png',10,'2023-07-10 08:37:23','2023-07-10 08:37:23');
INSERT INTO files VALUES(11,1,'../images/img.png',11,'2023-07-10 08:37:23','2023-07-10 08:37:23');
INSERT INTO files VALUES(12,1,'../images/img.png',12,'2023-07-10 08:37:23','2023-07-10 08:37:23');
INSERT INTO files VALUES(13,1,'../images/img.png',13,'2023-07-10 08:37:23','2023-07-10 08:37:23');
INSERT INTO files VALUES(14,1,'../images/img.png',14,'2023-07-10 08:37:23','2023-07-10 08:37:23');
INSERT INTO files VALUES(15,1,'../images/img.png',15,'2023-07-10 08:37:23','2023-07-10 08:37:23');
INSERT INTO files VALUES(16,1,'../images/img.png',16,'2023-07-10 08:37:23','2023-07-10 08:37:23');
INSERT INTO files VALUES(17,1,'../images/img.png',17,'2023-07-10 08:37:24','2023-07-10 08:37:24');
INSERT INTO files VALUES(18,1,'../images/img.png',18,'2023-07-10 08:37:24','2023-07-10 08:37:24');
INSERT INTO files VALUES(19,1,'../images/img.png',19,'2023-07-10 08:37:24','2023-07-10 08:37:24');
INSERT INTO files VALUES(20,1,'../images/img.png',20,'2023-07-10 08:37:24','2023-07-10 08:37:24');
INSERT INTO files VALUES(21,1,'../images/img.png',21,'2023-07-10 08:37:24','2023-07-10 08:37:24');
INSERT INTO files VALUES(22,1,'../images/img.png',22,'2023-07-10 08:37:24','2023-07-10 08:37:24');
INSERT INTO files VALUES(23,1,'../images/img.png',23,'2023-07-10 08:37:24','2023-07-10 08:37:24');
INSERT INTO files VALUES(24,1,'../images/img.png',24,'2023-07-10 08:37:24','2023-07-10 08:37:24');
INSERT INTO files VALUES(25,1,'../images/img.png',25,'2023-07-10 08:37:24','2023-07-10 08:37:24');
DELETE FROM sqlite_sequence;
INSERT INTO sqlite_sequence VALUES('users',1);
INSERT INTO sqlite_sequence VALUES('migrations',8);
INSERT INTO sqlite_sequence VALUES('web_contents',1);
INSERT INTO sqlite_sequence VALUES('advertisements',25);
INSERT INTO sqlite_sequence VALUES('files',25);
INSERT INTO sqlite_sequence VALUES('contacts',3);
CREATE UNIQUE INDEX "users_email_unique" on "users" ("email");
CREATE UNIQUE INDEX "failed_jobs_uuid_unique" on "failed_jobs" ("uuid");
CREATE INDEX "personal_access_tokens_tokenable_type_tokenable_id_index" on "personal_access_tokens" ("tokenable_type", "tokenable_id");
CREATE UNIQUE INDEX "personal_access_tokens_token_unique" on "personal_access_tokens" ("token");
CREATE UNIQUE INDEX "web_contents_key_unique" on "web_contents" ("key");
COMMIT;
